"seed","model","bias_level","delta_accuracy","delta_PR_gap","delta_TPR_gap","delta_Error_gap"
1,"logistic_regression","mild",-0.00600000000000001,-0.00800000000000001,0.00394778839854182,-0.004
1,"logistic_regression","moderate",-0.005,-0.01,-0.0131536949619501,0.00199999999999995
1,"logistic_regression","severe",-0.003,0.002,0.00779478219967411,-0.00600000000000001
1,"decision_tree","mild",0.003,0.022,0.00514052446788854,0.022
1,"decision_tree","moderate",0.014,-0.012,-0.0154887698019386,0.004
1,"decision_tree","severe",0.00800000000000001,0.048,0.0325734540628622,0.02
1,"random_forest","mild",0.017,0.0259999999999999,0.0415945705310196,-0.014
1,"random_forest","moderate",-0.01,0.00800000000000001,0.063265408974079,0.012
1,"random_forest","severe",-0.003,-0.01,0.0203437095771667,-0.014
2,"logistic_regression","mild",0.002,0.02,0.0238125,0.004
2,"logistic_regression","moderate",-0.0089999999999999,0.022,0.00121875000000005,0.01
2,"logistic_regression","severe",-0.0099999999999999,0.024,-0.00240624999999994,0.016
2,"decision_tree","mild",0.014,-0.004,0.05859375,-0.004
2,"decision_tree","moderate",0.019,0.054,0.12846875,0.00600000000000001
2,"decision_tree","severe",0.019,-0.03,0.00531250000000005,-0.034
2,"random_forest","mild",0.014,-0.016,-0.000562500000000021,-0.016
2,"random_forest","moderate",0.004,-5.55111512312578e-17,0.02121875,-0.02
2,"random_forest","severe",0.02,-0.004,0.00800000000000001,-0.012
3,"logistic_regression","mild",0.00800000000000001,-0.02,-0.00816326530612255,-0.012
3,"logistic_regression","moderate",0.00600000000000001,-0.004,0.00826241427745178,-0.012
3,"logistic_regression","severe",0.005,0.022,0.0531603734611252,-0.03
3,"decision_tree","mild",-0.018,0.084,-0.0269024208873833,0.036
3,"decision_tree","moderate",-0.015,0.054,-0.0372965380484178,0.018
3,"decision_tree","severe",-0.035,0.206,0.185573824671569,-0.042
3,"random_forest","mild",-0.00700000000000001,-0.0460000000000001,-0.0239610014046105,-0.022
3,"random_forest","moderate",-0.004,0.00399999999999995,0.0206064612079649,-0.016
3,"random_forest","severe",-0.00900000000000001,0.05,0.0736015863835412,-0.022
4,"logistic_regression","mild",0.004,0.004,0.00953517938540738,0.004
4,"logistic_regression","moderate",0.001,0.00600000000000001,-0.000511643771899828,0.00600000000000001
4,"logistic_regression","severe",-0.00900000000000001,0.022,0.0439858600266675,0.03
4,"decision_tree","mild",0.0199999999999999,0.0720000000000001,0.023566622220844,-0.032
4,"decision_tree","moderate",0.015,0.018,-0.00390709789450849,-0.03
4,"decision_tree","severe",-0.023,0.154,0.149570529318738,0.022
4,"random_forest","mild",-0.00600000000000001,-0.028,-0.0277683028931129,-0.004
4,"random_forest","moderate",0.004,-0.052,-0.0230549784489441,0.02
4,"random_forest","severe",-0.0169999999999999,-0.0100000000000001,0.00525597692951729,0.022
5,"logistic_regression","mild",0.001,-0.00599999999999989,-0.00784827769297147,-0.002
5,"logistic_regression","moderate",0.00399999999999989,0.0160000000000001,0.0206909139178336,0.004
5,"logistic_regression","severe",0.00599999999999989,-0.00399999999999995,-0.00774872237339885,-0.004
5,"decision_tree","mild",0.001,0.146,0.157181257051835,-0.00600000000000001
5,"decision_tree","moderate",-0.004,0.00800000000000012,-0.00374991703723382,0.012
5,"decision_tree","severe",-0.00700000000000001,0.158,0.182219419924338,-0.00600000000000001
5,"random_forest","mild",-0.00599999999999989,0.0479999999999999,0.0284396362912325,-0.012
5,"random_forest","moderate",-0.0129999999999999,0.07,0.0451815225326873,-0.00600000000000001
5,"random_forest","severe",-0.0069999999999999,0.022,0.00459613725360053,-0.014
6,"logistic_regression","mild",0.002,0.004,-0.000254222476444688,0.004
6,"logistic_regression","moderate",-0.003,0.002,0.000762667429334063,0.002
6,"logistic_regression","severe",-0.00800000000000001,0.028,0.0503996059551615,-0.02
6,"decision_tree","mild",-0.001,0.018,0.0290608068385846,0.00999999999999995
6,"decision_tree","moderate",-0.01,0.052,0.0342405897961453,-0.00800000000000001
6,"decision_tree","severe",-0.033,0.122,0.112223334445557,-0.00600000000000001
6,"random_forest","mild",0.00900000000000001,-0.00600000000000006,0.0102642324864548,-0.014
6,"random_forest","moderate",0.014,-0.0120000000000001,0.013871013871014,-0.024
6,"random_forest","severe",0.011,0.0339999999999999,0.0352574797019243,-0.00199999999999995
7,"logistic_regression","mild",0.003,0.022,0.0369396294082486,-0.014
7,"logistic_regression","moderate",-0.002,0,0.000102467765348724,0
7,"logistic_regression","severe",-0.0099999999999999,0.00799999999999995,0.0130646400819742,-0.004
7,"decision_tree","mild",-0.023,0.142,0.134710955511912,-0.01
7,"decision_tree","moderate",-0.00900000000000001,0.0499999999999999,0.0234651182648792,0.002
7,"decision_tree","severe",-0.001,0.00599999999999989,0.00877807189821544,0.002
7,"random_forest","mild",-0.0069999999999999,0.00600000000000001,-0.0286738963367774,0.034
7,"random_forest","moderate",-0.002,-0.032,-0.0290837673981728,-0.004
7,"random_forest","severe",0.001,0.03,0.0454102980104175,-0.002
8,"logistic_regression","mild",0.002,0,-0.00356447459330433,0.004
8,"logistic_regression","moderate",0.002,0.012,0.00516613278060429,0.00800000000000001
8,"logistic_regression","severe",0.00800000000000001,0.012,0.0185289868726839,0
8,"decision_tree","mild",0.00800000000000001,0.084,0.0458042836505245,0.028
8,"decision_tree","moderate",0.00700000000000001,0.058,0.0605803655549275,-0.002
8,"decision_tree","severe",0.005,0.086,0.0567646504616544,0.018
8,"random_forest","mild",-0.004,0.044,0.0847308586144087,-0.016
8,"random_forest","moderate",0.00700000000000001,0.034,0.0716349475535457,-0.018
8,"random_forest","severe",0.013,0.07,0.0948903963318887,-0.026
9,"logistic_regression","mild",-0.003,0.03,0.0329578778992269,-0.002
9,"logistic_regression","moderate",-0.001,0.03,0.0416222340709144,-0.01
9,"logistic_regression","severe",-0.003,0.042,0.0498866968808317,-0.00600000000000001
9,"decision_tree","mild",-0.002,0.096,-0.0192948547054119,-0.012
9,"decision_tree","moderate",0.00800000000000001,0.12,0.0211276992801921,-0.028
9,"decision_tree","severe",0.00800000000000001,0.172,0.123733671021061,-0.044
9,"random_forest","mild",-0.013,0.066,0.0527192748600374,0.014
9,"random_forest","moderate",-0.022,0.08,0.0706478272460677,0.012
9,"random_forest","severe",-0.013,0.082,0.0664156225006665,0.018
10,"logistic_regression","mild",0.002,-0.012,-0.00019677292404563,0.004
10,"logistic_regression","moderate",-0.0069999999999999,0.01,0.0210547028728847,0.002
10,"logistic_regression","severe",-0.0089999999999999,0.026,0.0273514364423455,0.002
10,"decision_tree","mild",0.017,-0.05,-0.0773317591499409,-0.014
10,"decision_tree","moderate",0.0259999999999999,-0.112,-0.136166863439591,-0.016
10,"decision_tree","severe",-0.00800000000000001,0.072,0.0645415190869737,-0.012
10,"random_forest","mild",0.005,-0.034,-0.0572609208972846,0.018
10,"random_forest","moderate",0.0139999999999999,0.0200000000000001,0.0141676505312869,0.004
10,"random_forest","severe",-0.001,0.018,0.0165289256198347,0.002
11,"logistic_regression","mild",-0.002,-0.024,-0.0248666158536586,0
11,"logistic_regression","moderate",-0.001,-0.002,-0.000793953252032575,0.002
11,"logistic_regression","severe",-0.00900000000000001,0.00199999999999995,-0.0106707317073171,-0.00599999999999995
11,"decision_tree","mild",-0.01,-0.1,-0.056592987804878,-0.044
11,"decision_tree","moderate",-0.03,0.012,0.10302337398374,-0.02
11,"decision_tree","severe",-0.013,-0.022,-0.00644690040650409,-0.018
11,"random_forest","mild",0.00600000000000001,-0.024,-0.0393800813008131,-0.016
11,"random_forest","moderate",0.004,-0.028,-0.0276613313008131,0
11,"random_forest","severe",0.004,-0.064,-0.102991615853659,-0.04
12,"logistic_regression","mild",-0.00600000000000001,0,0.00038122963887155,-0.004
12,"logistic_regression","moderate",0,-0.016,-0.0138975531988632,-0.004
12,"logistic_regression","severe",0,0.028,0.0269633326401886,-0.004
12,"decision_tree","mild",0.018,0.0600000000000001,0.0679975046787274,-0.012
12,"decision_tree","moderate",-0.00600000000000001,0.128,0.132667914327303,-0.012
12,"decision_tree","severe",0.015,0.0660000000000001,0.071931101407084,-0.018
12,"random_forest","mild",-0.00600000000000001,0.00799999999999995,-0.0186802523047064,0.02
12,"random_forest","moderate",-0.00800000000000001,0.016,0.0115062036459416,0.004
12,"random_forest","severe",-0.00700000000000001,0.066,0.0590905940250919,-0.002
13,"logistic_regression","mild",0.00499999999999989,0.014,0.0219983552631579,-0.01
13,"logistic_regression","moderate",0.00299999999999989,0.022,0.0136376096491228,0.01
13,"logistic_regression","severe",0.00199999999999989,0.00799999999999995,0.00191885964912275,0.00800000000000001
13,"decision_tree","mild",-0.001,0.0340000000000001,0.0436540570175439,0.00600000000000001
13,"decision_tree","moderate",-0.051,0.0460000000000001,0.0710663377192983,0.014
13,"decision_tree","severe",-0.001,0.05,0.0643503289473685,-0.01
13,"random_forest","mild",0.003,0.002,0.00733278508771928,-0.00600000000000001
13,"random_forest","moderate",0.002,0.032,0.0384457236842105,0
13,"random_forest","severe",0.0169999999999999,-0.03,-0.0365953947368421,0.00600000000000001
14,"logistic_regression","mild",0.004,0.028,0.013309931256399,0.016
14,"logistic_regression","moderate",0.003,0.022,0.00387596899224807,0.018
14,"logistic_regression","severe",0.005,0.022,0.0127980108234605,0.014
14,"decision_tree","mild",0.00700000000000001,-0.022,-0.013309931256399,0.01
14,"decision_tree","moderate",-0.022,-0.032,-0.0513748720198918,0.00800000000000001
14,"decision_tree","severe",0.002,-0.148,-0.107686119643118,0.036
14,"random_forest","mild",0.00600000000000001,0.00399999999999995,-0.00504607283896441,0.004
14,"random_forest","moderate",-0.001,0.0139999999999999,0.0210618692408951,-0.002
14,"random_forest","severe",0.003,-0.00600000000000001,0.00117010384671645,-0.002
15,"logistic_regression","mild",-0.013,0.018,0.0401871935819343,-0.022
15,"logistic_regression","moderate",-0.013,0.03,0.0524884861090477,-0.022
15,"logistic_regression","severe",-0.013,0.034,0.06068934779379,-0.026
15,"decision_tree","mild",0.005,0.026,0.0656217501114248,-0.022
15,"decision_tree","moderate",0.016,0.024,0.0610310503639876,-0.024
15,"decision_tree","severe",0.00600000000000001,0.00800000000000001,0.0380626949933145,-0.032
15,"random_forest","mild",0.002,-0.012,0.0155846085277076,-0.012
15,"random_forest","moderate",-0.005,-0.018,0.0113058980834943,-0.014
15,"random_forest","severe",-0.00800000000000001,0.028,0.0569157628881296,-0.012
16,"logistic_regression","mild",0.005,0.022,0.0377480586712683,-0.014
16,"logistic_regression","moderate",0.00700000000000001,0.00600000000000001,0.0286885245901639,-0.022
16,"logistic_regression","severe",0.002,0.012,0.0316364682197295,-0.02
16,"decision_tree","mild",0.003,-0.034,-0.0230083405234397,0.018
16,"decision_tree","moderate",0.00700000000000001,-0.086,-0.105191256830601,0.01
16,"decision_tree","severe",0.02,0.024,-0.0213546160483175,0.032
16,"random_forest","mild",-0.00700000000000001,0.026,0.0172562553925798,0.00999999999999995
16,"random_forest","moderate",0.004,0.016,0.0108570606844981,0.004
16,"random_forest","severe",-0.003,0.046,0.0509778544722462,-0.00600000000000001
17,"logistic_regression","mild",0.002,0.004,0.0194749694749694,-0.016
17,"logistic_regression","moderate",-0.00600000000000001,0.036,0.0583028083028082,-0.024
17,"logistic_regression","severe",0.00600000000000001,0.028,0.0468864468864468,-0.02
17,"decision_tree","mild",-0.012,0.0559999999999999,0.056043956043956,0
17,"decision_tree","moderate",0.011,-0.046,-0.0645299145299145,0.022
17,"decision_tree","severe",0.011,-0.0660000000000001,-0.0663003663003663,0.00600000000000006
17,"random_forest","mild",-0.005,0.00600000000000001,0.0354700854700855,-0.03
17,"random_forest","moderate",-0.0149999999999999,0.018,0.018986568986569,-0.002
17,"random_forest","severe",-0.0239999999999999,0.032,0.0342490842490842,-0.004
18,"logistic_regression","mild",0.00600000000000001,0.028,0.0161819058331993,0.012
18,"logistic_regression","moderate",0.001,0.01,0.00816326530612244,0.002
18,"logistic_regression","severe",0.003,0.0180000000000001,0.00960951309657709,0.01
18,"decision_tree","mild",-0.033,0.026,0.0534629599871445,0.00600000000000001
18,"decision_tree","moderate",-0.005,-0.094,-0.0863249236702556,-0.00600000000000006
18,"decision_tree","severe",-0.047,0.138,0.193829342760726,0.03
18,"random_forest","mild",-0.00800000000000001,0.00800000000000001,0.0119556484010926,0.004
18,"random_forest","moderate",-0.004,-0.032,-0.0408163265306123,0.00800000000000001
18,"random_forest","severe",-0.004,0.00400000000000011,0.0164711553912903,0.012
19,"logistic_regression","mild",0.005,-0.00600000000000001,-0.0171563920363614,-0.00999999999999995
19,"logistic_regression","moderate",0,0.016,0.0285833173292362,0.012
19,"logistic_regression","severe",-0.002,0.012,0.0249023750080021,0.012
19,"decision_tree","mild",0.004,0.028,0.0558222905063697,0.024
19,"decision_tree","moderate",-0.024,0.128,0.181966583445362,0.048
19,"decision_tree","severe",0.00600000000000001,0.028,0.0543179053837783,0.02
19,"random_forest","mild",0.003,-0.042,-0.061743806414442,-0.018
19,"random_forest","moderate",-0.00800000000000001,0.02,0.0121951219512195,-0.00800000000000001
19,"random_forest","severe",-0.01,-0.0120000000000001,-0.0182766788297804,-0.00800000000000001
20,"logistic_regression","mild",0.001,0.014,0.00213675213675213,-0.014
20,"logistic_regression","moderate",-0.002,0.04,0.0216727716727716,-0.02
20,"logistic_regression","severe",0.001,0.042,0.0427350427350426,0.002
20,"decision_tree","mild",0.003,-0.0619999999999999,-0.0564713064713064,0.002
20,"decision_tree","moderate",-0.00800000000000001,-0.00800000000000001,-0.0421245421245421,-0.04
20,"decision_tree","severe",-0.005,0.034,0.0103785103785103,-0.026
20,"random_forest","mild",0,0,0.00122100122100127,0
20,"random_forest","moderate",0.019,0.03,0.0302197802197802,-0.002
20,"random_forest","severe",0.00800000000000001,0.04,0.0479242979242979,0.00800000000000001
21,"logistic_regression","mild",-0.00299999999999989,0.022,0.0326173566603153,0.00600000000000001
21,"logistic_regression","moderate",0.002,0.00799999999999995,0.0105144638835961,0
21,"logistic_regression","severe",0.004,0.0120000000000001,0.0376927074311451,0.02
21,"decision_tree","mild",-0.001,-0.134,-0.123921704486402,0.022
21,"decision_tree","moderate",-0.002,-0.088,-0.0753680928460073,0.02
21,"decision_tree","severe",-0.00600000000000001,-0.0839999999999999,-0.0985103065996882,0.012
21,"random_forest","mild",0.00700000000000001,0.0260000000000001,0.0460245972631215,0.014
21,"random_forest","moderate",0.001,0.022,0.0344188463537156,0.01
21,"random_forest","severe",0.0129999999999999,0.0260000000000001,0.0289970552572321,-0.002
22,"logistic_regression","mild",-0.003,0.01,0.0097225823178636,0.002
22,"logistic_regression","moderate",0,-0.02,-0.0107272491573761,0
22,"logistic_regression","severe",-0.0169999999999999,-0.01,0.00129634430904846,-0.002
22,"decision_tree","mild",0.0599999999999999,0.044,-0.0250842623800881,0.00800000000000001
22,"decision_tree","moderate",0.049,0.026,0.00427793621986006,0.002
22,"decision_tree","severe",0.044,0.0159999999999999,-0.0115050557428054,0.004
22,"random_forest","mild",0.0159999999999999,0.016,0.0224591651542649,-0.012
22,"random_forest","moderate",0.003,0.00600000000000001,0.0420015556131709,-0.022
22,"random_forest","severe",-0.003,-0.002,0.0308205859476276,-0.026
23,"logistic_regression","mild",0.0069999999999999,0.014,0.0193208430913349,0.00600000000000001
23,"logistic_regression","moderate",0.0099999999999999,-5.55111512312578e-17,0.0109940150923757,0.012
23,"logistic_regression","severe",0.0109999999999999,-0.00600000000000006,-0.00156128024980473,0.00600000000000001
23,"decision_tree","mild",-0.013,0.158,0.159966172261254,0.00600000000000006
23,"decision_tree","moderate",0.026,0.088,0.0886026541764247,5.55111512312578e-17
23,"decision_tree","severe",-0.002,0.0280000000000001,-0.00299245381212587,0.02
23,"random_forest","mild",0.002,0.00800000000000001,-0.0281680978402289,0.032
23,"random_forest","moderate",0.0099999999999999,-0.016,-0.016783762685402,0
23,"random_forest","severe",0.0099999999999999,-0.02,-0.0330470986208691,0.00800000000000001
24,"logistic_regression","mild",0.00900000000000001,0.00199999999999995,0.0284301387830341,0.03
24,"logistic_regression","moderate",0.00700000000000001,0.018,0.0326840248852338,0.014
24,"logistic_regression","severe",0.00800000000000001,0.00799999999999995,0.0526772895655719,0.048
24,"decision_tree","mild",0.002,0.06,0.103830269944522,0.044
24,"decision_tree","moderate",-0.011,0.03,0.0445417323951152,0.014
24,"decision_tree","severe",-0.002,0.024,0.0535103422605859,0.028
24,"random_forest","mild",-0.0189999999999999,0.078,0.0864247859763555,-0.01
24,"random_forest","moderate",-0.001,0.078,0.111735408284443,0.002
24,"random_forest","severe",-0.0089999999999999,0.09,0.125720058845425,0.002
25,"logistic_regression","mild",0.001,-0.026,-0.0490945881061802,-0.022
25,"logistic_regression","moderate",0,-0.02,-0.0366280266136223,-0.016
25,"logistic_regression","severe",0.003,-0.038,-0.0569483503669662,-0.018
25,"decision_tree","mild",-0.0199999999999999,0.06,0.0833390493175115,0.02
25,"decision_tree","moderate",-0.0089999999999999,0.054,0.0693120241443171,0.018
25,"decision_tree","severe",-0.0129999999999999,0.00600000000000001,0.00768228273544125,0.026
25,"random_forest","mild",0.00600000000000001,-0.056,-0.0780403319843611,-0.02
25,"random_forest","moderate",0.00700000000000001,0.002,-0.0029837437409973,-0.00600000000000001
25,"random_forest","severe",0.00800000000000001,-0.056,-0.0899924549008848,-0.032
26,"logistic_regression","mild",-0.003,-0.01,0,0.01
26,"logistic_regression","moderate",-0.00700000000000001,-0.00600000000000006,-0.00718390804597691,-0.002
26,"logistic_regression","severe",-0.00600000000000001,-0.00800000000000006,-0.0116379310344827,-0.004
26,"decision_tree","mild",-0.01,-0.04,-0.0382183908045975,0.004
26,"decision_tree","moderate",-0.003,0.026,0.00459770114942537,0.014
26,"decision_tree","severe",-0.036,0.164,0.205747126436782,0.028
26,"random_forest","mild",0.017,0.014,-0.0175287356321839,-0.03
26,"random_forest","moderate",0.00600000000000001,-0.024,-0.0464080459770114,-0.02
26,"random_forest","severe",0.005,0.026,0.00560344827586212,-0.022
27,"logistic_regression","mild",-0.004,-0.012,-0.00857950667836593,0
27,"logistic_regression","moderate",0,0.004,0.00518345195151282,0
27,"logistic_regression","severe",0.004,0.00799999999999995,-0.0114393422378213,0.02
27,"decision_tree","mild",-0.00900000000000001,0.106,0.0843488999382535,0.00199999999999995
27,"decision_tree","moderate",-0.012,0.076,0.0748594455818791,-0.02
27,"decision_tree","severe",-0.012,0.112,0.137483344707679,-0.028
27,"random_forest","mild",0.00800000000000001,-5.55111512312578e-17,-0.0161515712846513,-0.016
27,"random_forest","moderate",-0.0129999999999999,-0.0180000000000001,-0.0109681193331383,0.002
27,"random_forest","severe",-0.00599999999999989,-0.0360000000000001,-0.0755744044717429,0
28,"logistic_regression","mild",0,-0.004,-0.0070214338507022,-0.00399999999999995
28,"logistic_regression","moderate",0,0.00800000000000001,0.0102549889135256,0.004
28,"logistic_regression","severe",0.003,0.042,0.0568181818181819,0.018
28,"decision_tree","mild",-0.01,0.0240000000000001,0.0126570583887656,0.00800000000000001
28,"decision_tree","moderate",0.012,0.0440000000000001,0.0521988174427198,-0.012
28,"decision_tree","severe",-0.013,0.0420000000000001,0.0563562453806356,-0.002
28,"random_forest","mild",-0.017,0.002,0,-0.00199999999999995
28,"random_forest","moderate",-0.005,-0.0180000000000001,0.00240206947524024,0.022
28,"random_forest","severe",0,-0.00400000000000006,0.00535846267553586,0.012
29,"logistic_regression","mild",0.00600000000000001,0.032,0.0458351071377892,0.012
29,"logistic_regression","moderate",0.003,0.038,0.0499503334752377,0.01
29,"logistic_regression","severe",0.00600000000000001,0.024,0.0411522633744855,0.016
29,"decision_tree","mild",-0.021,-0.0100000000000001,0.0183056619838229,0.022
29,"decision_tree","moderate",0.012,-0.00400000000000011,0.0127713920817368,0.012
29,"decision_tree","severe",0.004,-0.0880000000000001,-0.0882645097204485,0.00799999999999995
29,"random_forest","mild",-0.012,0.052,0.0601674471406273,0.00399999999999995
29,"random_forest","moderate",-0.003,0.026,0.0181637576273592,-0.01
29,"random_forest","severe",-0.001,0.034,0.0346246629771534,-0.002
30,"logistic_regression","mild",-0.002,-0.004,0.0159244264507421,-0.02
30,"logistic_regression","moderate",-0.003,0.022,0.0225371120107962,-0.002
30,"logistic_regression","severe",-0.00900000000000001,0.03,0.0483805668016194,-0.022
30,"decision_tree","mild",-0.017,0.066,0.0412280701754386,0.0220000000000001
30,"decision_tree","moderate",-0.00600000000000001,0.056,0.0670715249662617,5.55111512312578e-17
30,"decision_tree","severe",-0.039,0.066,0.0805668016194331,0.0220000000000001
30,"random_forest","mild",-0.004,-0.0760000000000001,-0.11417004048583,0.02
30,"random_forest","moderate",0.004,-0.108,-0.137246963562753,0.012
30,"random_forest","severe",-0.00600000000000001,-0.056,-0.0630229419703104,-5.55111512312578e-17
