"seed","dataset","model","bias_level","accuracy","error_rate","PR_gap","TPR_gap","Error_gap"
1,"simulated","logistic_regression","balanced",0.666,0.334,0.128,0.126245233255498,0.00800000000000001
1,"simulated","logistic_regression","mild",0.66,0.34,0.12,0.130193021654039,0.004
1,"simulated","logistic_regression","moderate",0.661,0.339,0.118,0.113091538293547,0.00999999999999995
1,"simulated","logistic_regression","severe",0.663,0.337,0.13,0.134040015455172,0.002
1,"simulated","decision_tree","balanced",0.639,0.361,0.126,0.127975540511029,0.002
1,"simulated","decision_tree","mild",0.642,0.358,0.148,0.133116064978917,0.024
1,"simulated","decision_tree","moderate",0.653,0.347,0.114,0.11248677070909,0.00600000000000001
1,"simulated","decision_tree","severe",0.647,0.353,0.174,0.160548994573891,0.022
1,"simulated","random_forest","balanced",0.653,0.347,0.11,0.0937557746904766,0.022
1,"simulated","random_forest","mild",0.67,0.33,0.136,0.135350345221496,0.00800000000000001
1,"simulated","random_forest","moderate",0.643,0.357,0.118,0.157021183664556,0.034
1,"simulated","random_forest","severe",0.65,0.35,0.1,0.114099484267643,0.00800000000000001
2,"simulated","logistic_regression","balanced",0.693,0.307,0.038,0.03884375,0.00600000000000001
2,"simulated","logistic_regression","mild",0.695,0.305,0.0580000000000001,0.06265625,0.01
2,"simulated","logistic_regression","moderate",0.684,0.316,0.06,0.0400625,0.016
2,"simulated","logistic_regression","severe",0.683,0.317,0.062,0.0364375,0.022
2,"simulated","decision_tree","balanced",0.655,0.345,0.0659999999999999,0.02721875,0.034
2,"simulated","decision_tree","mild",0.669,0.331,0.0619999999999999,0.0858125,0.03
2,"simulated","decision_tree","moderate",0.674,0.326,0.12,0.1556875,0.04
2,"simulated","decision_tree","severe",0.674,0.326,0.036,0.03253125,0
2,"simulated","random_forest","balanced",0.658,0.342,0.08,0.0516875,0.024
2,"simulated","random_forest","mild",0.672,0.328,0.0640000000000001,0.051125,0.00800000000000001
2,"simulated","random_forest","moderate",0.662,0.338,0.08,0.07290625,0.004
2,"simulated","random_forest","severe",0.678,0.322,0.076,0.0596875,0.012
3,"simulated","logistic_regression","balanced",0.674,0.326,0.084,0.0109063868462366,0.072
3,"simulated","logistic_regression","mild",0.682,0.318,0.064,0.00274312154011402,0.06
3,"simulated","logistic_regression","moderate",0.68,0.32,0.08,0.0191688011236884,0.06
3,"simulated","logistic_regression","severe",0.679,0.321,0.106,0.0640667603073618,0.042
3,"simulated","decision_tree","balanced",0.677,0.323,0.01,0.0381062546476081,0.046
3,"simulated","decision_tree","mild",0.659,0.341,0.094,0.0112038337602248,0.082
3,"simulated","decision_tree","moderate",0.662,0.338,0.064,0.000809716599190269,0.064
3,"simulated","decision_tree","severe",0.642,0.358,0.216,0.223680079319177,0.004
3,"simulated","random_forest","balanced",0.66,0.34,0.124,0.0639015120218128,0.06
3,"simulated","random_forest","mild",0.653,0.347,0.078,0.0399405106172023,0.038
3,"simulated","random_forest","moderate",0.656,0.344,0.128,0.0845079732297778,0.044
3,"simulated","random_forest","severe",0.651,0.349,0.174,0.137503098405354,0.038
4,"simulated","logistic_regression","balanced",0.703,0.297,0.056,0.0779559056094762,0.002
4,"simulated","logistic_regression","mild",0.707,0.293,0.06,0.0874910849948836,0.00600000000000001
4,"simulated","logistic_regression","moderate",0.704,0.296,0.062,0.0774442618375764,0.00800000000000001
4,"simulated","logistic_regression","severe",0.694,0.306,0.078,0.121941765636144,0.032
4,"simulated","decision_tree","balanced",0.669,0.331,0.004,0.0675059691773389,0.042
4,"simulated","decision_tree","mild",0.689,0.311,0.0760000000000001,0.0910725913981829,0.01
4,"simulated","decision_tree","moderate",0.684,0.316,0.022,0.0635988712828304,0.012
4,"simulated","decision_tree","severe",0.646,0.354,0.158,0.217076498496077,0.064
4,"simulated","random_forest","balanced",0.701,0.299,0.0640000000000001,0.0847158051412447,0.00600000000000001
4,"simulated","random_forest","mild",0.695,0.305,0.036,0.0569475022481317,0.002
4,"simulated","random_forest","moderate",0.705,0.295,0.012,0.0616608266923006,0.026
4,"simulated","random_forest","severe",0.684,0.316,0.054,0.089971782070762,0.028
5,"simulated","logistic_regression","balanced",0.684,0.316,0.126,0.138232561226522,0.012
5,"simulated","logistic_regression","mild",0.685,0.315,0.12,0.13038428353355,0.01
5,"simulated","logistic_regression","moderate",0.688,0.312,0.142,0.158923475144355,0.016
5,"simulated","logistic_regression","severe",0.69,0.31,0.122,0.130483838853123,0.00800000000000001
5,"simulated","decision_tree","balanced",0.668,0.332,0.0419999999999999,0.0277261565009624,0.012
5,"simulated","decision_tree","mild",0.669,0.331,0.188,0.184907413552798,0.00600000000000001
5,"simulated","decision_tree","moderate",0.664,0.336,0.05,0.0239762394637286,0.024
5,"simulated","decision_tree","severe",0.661,0.339,0.2,0.2099455764253,0.00600000000000001
5,"simulated","random_forest","balanced",0.692,0.308,0.114,0.130185172894405,0.016
5,"simulated","random_forest","mild",0.686,0.314,0.162,0.158624809185637,0.004
5,"simulated","random_forest","moderate",0.679,0.321,0.184,0.175366695427092,0.01
5,"simulated","random_forest","severe",0.685,0.315,0.136,0.134781310148006,0.002
6,"simulated","logistic_regression","balanced",0.683,0.317,0.11,0.0733272955495178,0.026
6,"simulated","logistic_regression","mild",0.685,0.315,0.114,0.0730730730730731,0.03
6,"simulated","logistic_regression","moderate",0.68,0.32,0.112,0.0740899629788518,0.028
6,"simulated","logistic_regression","severe",0.675,0.325,0.138,0.123726901504679,0.00600000000000001
6,"simulated","decision_tree","balanced",0.664,0.336,0.084,0.0882151993263105,0.012
6,"simulated","decision_tree","mild",0.663,0.337,0.102,0.117276006164895,0.022
6,"simulated","decision_tree","moderate",0.654,0.346,0.136,0.122455789122456,0.004
6,"simulated","decision_tree","severe",0.631,0.369,0.206,0.200438533771867,0.00600000000000001
6,"simulated","random_forest","balanced",0.669,0.331,0.11,0.0614900614900614,0.038
6,"simulated","random_forest","mild",0.678,0.322,0.104,0.0717542939765162,0.024
6,"simulated","random_forest","moderate",0.683,0.317,0.098,0.0753610753610754,0.014
6,"simulated","random_forest","severe",0.68,0.32,0.144,0.0967475411919857,0.036
7,"simulated","logistic_regression","balanced",0.69,0.31,0.128,0.111467850738622,0.016
7,"simulated","logistic_regression","mild",0.693,0.307,0.15,0.14840748014687,0.002
7,"simulated","logistic_regression","moderate",0.688,0.312,0.128,0.111570318503971,0.016
7,"simulated","logistic_regression","severe",0.68,0.32,0.136,0.124532490820596,0.012
7,"simulated","decision_tree","balanced",0.678,0.322,0.056,0.0632909230637861,0.012
7,"simulated","decision_tree","mild",0.655,0.345,0.198,0.198001878575698,0.002
7,"simulated","decision_tree","moderate",0.669,0.331,0.106,0.0867560413286653,0.014
7,"simulated","decision_tree","severe",0.677,0.323,0.0619999999999999,0.0720689949620016,0.014
7,"simulated","random_forest","balanced",0.69,0.31,0.14,0.131466142942533,0.00800000000000001
7,"simulated","random_forest","mild",0.683,0.317,0.146,0.102792246605755,0.042
7,"simulated","random_forest","moderate",0.688,0.312,0.108,0.10238237554436,0.004
7,"simulated","random_forest","severe",0.691,0.309,0.17,0.17687644095295,0.00600000000000001
8,"simulated","logistic_regression","balanced",0.689,0.311,0.116,0.101187111362352,0.002
8,"simulated","logistic_regression","mild",0.691,0.309,0.116,0.0976226367690473,0.00600000000000001
8,"simulated","logistic_regression","moderate",0.691,0.309,0.128,0.106353244142956,0.01
8,"simulated","logistic_regression","severe",0.697,0.303,0.128,0.119716098235035,0.002
8,"simulated","decision_tree","balanced",0.663,0.337,0.08,0.0721374285534828,0.002
8,"simulated","decision_tree","mild",0.671,0.329,0.164,0.117941712204007,0.03
8,"simulated","decision_tree","moderate",0.67,0.33,0.138,0.13271779410841,0
8,"simulated","decision_tree","severe",0.668,0.332,0.166,0.128902079015137,0.02
8,"simulated","random_forest","balanced",0.674,0.326,0.102,0.0639407072420074,0.028
8,"simulated","random_forest","mild",0.67,0.33,0.146,0.148671565856416,0.012
8,"simulated","random_forest","moderate",0.681,0.319,0.136,0.135575654795553,0.01
8,"simulated","random_forest","severe",0.687,0.313,0.172,0.158831103573896,0.002
9,"simulated","logistic_regression","balanced",0.679,0.321,0.098,0.0695814449480139,0.026
9,"simulated","logistic_regression","mild",0.676,0.324,0.128,0.102539322847241,0.024
9,"simulated","logistic_regression","moderate",0.678,0.322,0.128,0.111203679018928,0.016
9,"simulated","logistic_regression","severe",0.676,0.324,0.14,0.119468141828846,0.02
9,"simulated","decision_tree","balanced",0.662,0.338,0.052,0.118001866169022,0.06
9,"simulated","decision_tree","mild",0.66,0.34,0.148,0.0987070114636096,0.048
9,"simulated","decision_tree","moderate",0.67,0.33,0.172,0.139129565449214,0.032
9,"simulated","decision_tree","severe",0.67,0.33,0.224,0.241735537190083,0.016
9,"simulated","random_forest","balanced",0.676,0.324,0.084,0.0457877899226873,0.036
9,"simulated","random_forest","mild",0.663,0.337,0.15,0.0985070647827246,0.05
9,"simulated","random_forest","moderate",0.654,0.346,0.164,0.116435617168755,0.048
9,"simulated","random_forest","severe",0.663,0.337,0.166,0.112203412423354,0.054
10,"simulated","logistic_regression","balanced",0.694,0.306,0.138,0.135379771743408,0.004
10,"simulated","logistic_regression","mild",0.696,0.304,0.126,0.135182998819362,0.00800000000000001
10,"simulated","logistic_regression","moderate",0.687,0.313,0.148,0.156434474616293,0.00600000000000001
10,"simulated","logistic_regression","severe",0.685,0.315,0.164,0.162731208185754,0.00600000000000001
10,"simulated","decision_tree","balanced",0.664,0.336,0.138,0.158598976780795,0.02
10,"simulated","decision_tree","mild",0.681,0.319,0.088,0.081267217630854,0.00600000000000001
10,"simulated","decision_tree","moderate",0.69,0.31,0.026,0.0224321133412042,0.004
10,"simulated","decision_tree","severe",0.656,0.344,0.21,0.223140495867769,0.00799999999999995
10,"simulated","random_forest","balanced",0.678,0.322,0.138,0.141676505312869,0
10,"simulated","random_forest","mild",0.683,0.317,0.104,0.0844155844155844,0.018
10,"simulated","random_forest","moderate",0.692,0.308,0.158,0.155844155844156,0.004
10,"simulated","random_forest","severe",0.677,0.323,0.156,0.158205430932704,0.002
11,"simulated","logistic_regression","balanced",0.66,0.34,0.116,0.129350863821138,0.00799999999999995
11,"simulated","logistic_regression","mild",0.658,0.342,0.092,0.10448424796748,0.00799999999999995
11,"simulated","logistic_regression","moderate",0.659,0.341,0.114,0.128556910569106,0.00999999999999995
11,"simulated","logistic_regression","severe",0.651,0.349,0.118,0.118680132113821,0.002
11,"simulated","decision_tree","balanced",0.652,0.348,0.14,0.0855881605691057,0.06
11,"simulated","decision_tree","mild",0.642,0.358,0.04,0.0289951727642277,0.016
11,"simulated","decision_tree","moderate",0.622,0.378,0.152,0.188611534552846,0.04
11,"simulated","decision_tree","severe",0.639,0.361,0.118,0.0791412601626016,0.042
11,"simulated","random_forest","balanced",0.645,0.355,0.146,0.191850863821138,0.042
11,"simulated","random_forest","mild",0.651,0.349,0.122,0.152470782520325,0.026
11,"simulated","random_forest","moderate",0.649,0.351,0.118,0.164189532520325,0.042
11,"simulated","random_forest","severe",0.649,0.351,0.082,0.0888592479674797,0.002
12,"simulated","logistic_regression","balanced",0.677,0.323,0.08,0.0844077077701532,0.014
12,"simulated","logistic_regression","mild",0.671,0.329,0.08,0.0847889374090247,0.01
12,"simulated","logistic_regression","moderate",0.677,0.323,0.064,0.07051015457129,0.01
12,"simulated","logistic_regression","severe",0.677,0.323,0.108,0.111371040410342,0.01
12,"simulated","decision_tree","balanced",0.655,0.345,0.012,0.0064982324807652,0.03
12,"simulated","decision_tree","mild",0.673,0.327,0.0720000000000001,0.0744957371594926,0.018
12,"simulated","decision_tree","moderate",0.649,0.351,0.14,0.139166146808068,0.018
12,"simulated","decision_tree","severe",0.67,0.33,0.078,0.0784293338878492,0.012
12,"simulated","random_forest","balanced",0.67,0.33,0.066,0.0804394538018992,0.004
12,"simulated","random_forest","mild",0.664,0.336,0.074,0.0617592014971928,0.024
12,"simulated","random_forest","moderate",0.662,0.338,0.082,0.0919456574478408,0.00800000000000001
12,"simulated","random_forest","severe",0.663,0.337,0.132,0.139530047826991,0.002
13,"simulated","logistic_regression","balanced",0.686,0.314,0.072,0.0290570175438597,0.028
13,"simulated","logistic_regression","mild",0.691,0.309,0.086,0.0510553728070176,0.018
13,"simulated","logistic_regression","moderate",0.689,0.311,0.094,0.0426946271929824,0.038
13,"simulated","logistic_regression","severe",0.688,0.312,0.08,0.0309758771929824,0.036
13,"simulated","decision_tree","balanced",0.676,0.324,0.116,0.0735334429824561,0.024
13,"simulated","decision_tree","mild",0.675,0.325,0.15,0.1171875,0.03
13,"simulated","decision_tree","moderate",0.625,0.375,0.162,0.144599780701754,0.038
13,"simulated","decision_tree","severe",0.675,0.325,0.166,0.137883771929825,0.014
13,"simulated","random_forest","balanced",0.679,0.321,0.094,0.044202302631579,0.034
13,"simulated","random_forest","mild",0.682,0.318,0.096,0.0515350877192983,0.028
13,"simulated","random_forest","moderate",0.681,0.319,0.126,0.0826480263157895,0.034
13,"simulated","random_forest","severe",0.696,0.304,0.064,0.00760690789473684,0.04
14,"simulated","logistic_regression","balanced",0.678,0.322,0.108,0.0853078835746672,0
14,"simulated","logistic_regression","mild",0.682,0.318,0.136,0.0986178148310662,0.016
14,"simulated","logistic_regression","moderate",0.681,0.319,0.13,0.0891838525669153,0.018
14,"simulated","logistic_regression","severe",0.683,0.317,0.13,0.0981058943981278,0.014
14,"simulated","decision_tree","balanced",0.668,0.332,0.184,0.154746233728243,0
14,"simulated","decision_tree","mild",0.675,0.325,0.162,0.141436302471844,0.01
14,"simulated","decision_tree","moderate",0.646,0.354,0.152,0.103371361708352,0.00800000000000001
14,"simulated","decision_tree","severe",0.67,0.33,0.036,0.047060114085125,0.036
14,"simulated","random_forest","balanced",0.68,0.32,0.16,0.135183560040954,0.004
14,"simulated","random_forest","mild",0.686,0.314,0.164,0.130137487201989,0.00800000000000001
14,"simulated","random_forest","moderate",0.679,0.321,0.174,0.156245429281849,0.002
14,"simulated","random_forest","severe",0.683,0.317,0.154,0.13635366388767,0.002
15,"simulated","logistic_regression","balanced",0.664,0.336,0.102,0.0647452087357004,0.028
15,"simulated","logistic_regression","mild",0.651,0.349,0.12,0.104932402317635,0.00600000000000001
15,"simulated","logistic_regression","moderate",0.651,0.349,0.132,0.117233694844748,0.00600000000000001
15,"simulated","logistic_regression","severe",0.651,0.349,0.136,0.12543455652949,0.002
15,"simulated","decision_tree","balanced",0.632,0.368,0.086,0.049145743574506,0.032
15,"simulated","decision_tree","mild",0.637,0.363,0.112,0.114767493685931,0.01
15,"simulated","decision_tree","moderate",0.648,0.352,0.11,0.110176793938494,0.00800000000000001
15,"simulated","decision_tree","severe",0.638,0.362,0.094,0.0872084385678205,0
15,"simulated","random_forest","balanced",0.644,0.356,0.142,0.112642995097311,0.02
15,"simulated","random_forest","mild",0.646,0.354,0.13,0.128227603625019,0.00800000000000001
15,"simulated","random_forest","moderate",0.639,0.361,0.124,0.123948893180805,0.00600000000000001
15,"simulated","random_forest","severe",0.636,0.364,0.17,0.16955875798544,0.00800000000000001
16,"simulated","logistic_regression","balanced",0.668,0.332,0.156,0.149338510209951,0.024
16,"simulated","logistic_regression","mild",0.673,0.327,0.178,0.187086568881219,0.01
16,"simulated","logistic_regression","moderate",0.675,0.325,0.162,0.178027034800115,0.002
16,"simulated","logistic_regression","severe",0.67,0.33,0.168,0.180974978429681,0.004
16,"simulated","decision_tree","balanced",0.633,0.367,0.182,0.204127121081392,0.00600000000000001
16,"simulated","decision_tree","mild",0.636,0.364,0.148,0.181118780557952,0.024
16,"simulated","decision_tree","moderate",0.64,0.36,0.096,0.0989358642507909,0.016
16,"simulated","decision_tree","severe",0.653,0.347,0.206,0.182772505033074,0.038
16,"simulated","random_forest","balanced",0.665,0.335,0.15,0.160195570894449,0.00600000000000001
16,"simulated","random_forest","mild",0.658,0.342,0.176,0.177451826287029,0.016
16,"simulated","random_forest","moderate",0.669,0.331,0.166,0.171052631578947,0.01
16,"simulated","random_forest","severe",0.662,0.338,0.196,0.211173425366695,0
17,"simulated","logistic_regression","balanced",0.695,0.305,0.094,0.0478021978021979,0.05
17,"simulated","logistic_regression","mild",0.697,0.303,0.098,0.0672771672771673,0.034
17,"simulated","logistic_regression","moderate",0.689,0.311,0.13,0.106105006105006,0.026
17,"simulated","logistic_regression","severe",0.701,0.299,0.122,0.0946886446886447,0.03
17,"simulated","decision_tree","balanced",0.663,0.337,0.118,0.0924908424908425,0.026
17,"simulated","decision_tree","mild",0.651,0.349,0.174,0.148534798534798,0.026
17,"simulated","decision_tree","moderate",0.674,0.326,0.072,0.027960927960928,0.048
17,"simulated","decision_tree","severe",0.674,0.326,0.0519999999999999,0.0261904761904762,0.032
17,"simulated","random_forest","balanced",0.7,0.3,0.12,0.0865079365079365,0.036
17,"simulated","random_forest","mild",0.695,0.305,0.126,0.121978021978022,0.00600000000000001
17,"simulated","random_forest","moderate",0.685,0.315,0.138,0.105494505494506,0.034
17,"simulated","random_forest","severe",0.676,0.324,0.152,0.120757020757021,0.032
18,"simulated","logistic_regression","balanced",0.68,0.32,0.102,0.0870962558251648,0.00800000000000001
18,"simulated","logistic_regression","mild",0.686,0.314,0.13,0.103278161658364,0.02
18,"simulated","logistic_regression","moderate",0.681,0.319,0.112,0.0952595211312872,0.01
18,"simulated","logistic_regression","severe",0.683,0.317,0.12,0.0967057689217419,0.018
18,"simulated","decision_tree","balanced",0.662,0.338,0.166,0.150233006588462,0.00800000000000001
18,"simulated","decision_tree","mild",0.629,0.371,0.192,0.203695966575607,0.014
18,"simulated","decision_tree","moderate",0.657,0.343,0.0720000000000001,0.0639080829182066,0.00199999999999995
18,"simulated","decision_tree","severe",0.615,0.385,0.304,0.344062349349189,0.038
18,"simulated","random_forest","balanced",0.676,0.324,0.134,0.128057207134822,0
18,"simulated","random_forest","mild",0.668,0.332,0.142,0.140012855535915,0.004
18,"simulated","random_forest","moderate",0.672,0.328,0.102,0.0872408806042102,0.00800000000000001
18,"simulated","random_forest","severe",0.672,0.328,0.138,0.144528362526113,0.012
19,"simulated","logistic_regression","balanced",0.682,0.318,0.052,0.0996735164202036,0.052
19,"simulated","logistic_regression","mild",0.687,0.313,0.046,0.0825171243838422,0.042
19,"simulated","logistic_regression","moderate",0.682,0.318,0.0679999999999999,0.12825683374944,0.064
19,"simulated","logistic_regression","severe",0.68,0.32,0.064,0.124575891428206,0.064
19,"simulated","decision_tree","balanced",0.657,0.343,0.00600000000000001,0.0117149990397541,0.014
19,"simulated","decision_tree","mild",0.661,0.339,0.034,0.0675372895461238,0.038
19,"simulated","decision_tree","moderate",0.633,0.367,0.134,0.193681582485116,0.062
19,"simulated","decision_tree","severe",0.663,0.337,0.034,0.0660329044235325,0.034
19,"simulated","random_forest","balanced",0.671,0.329,0.09,0.141348185135395,0.054
19,"simulated","random_forest","mild",0.674,0.326,0.048,0.0796043787209526,0.036
19,"simulated","random_forest","moderate",0.663,0.337,0.11,0.153543307086614,0.046
19,"simulated","random_forest","severe",0.661,0.339,0.078,0.123071506305614,0.046
20,"simulated","logistic_regression","balanced",0.658,0.342,0.08,0.167277167277167,0.076
20,"simulated","logistic_regression","mild",0.659,0.341,0.094,0.169413919413919,0.062
20,"simulated","logistic_regression","moderate",0.656,0.344,0.12,0.188949938949939,0.056
20,"simulated","logistic_regression","severe",0.659,0.341,0.122,0.21001221001221,0.078
20,"simulated","decision_tree","balanced",0.646,0.354,0.12,0.2002442002442,0.068
20,"simulated","decision_tree","mild",0.649,0.351,0.0580000000000001,0.143772893772894,0.07
20,"simulated","decision_tree","moderate",0.638,0.362,0.112,0.158119658119658,0.028
20,"simulated","decision_tree","severe",0.641,0.359,0.154,0.210622710622711,0.042
20,"simulated","random_forest","balanced",0.644,0.356,0.08,0.136141636141636,0.048
20,"simulated","random_forest","mild",0.644,0.356,0.08,0.137362637362637,0.048
20,"simulated","random_forest","moderate",0.663,0.337,0.11,0.166361416361416,0.046
20,"simulated","random_forest","severe",0.652,0.348,0.12,0.184065934065934,0.056
21,"simulated","logistic_regression","balanced",0.69,0.31,0.17,0.167833015763035,0.00800000000000001
21,"simulated","logistic_regression","mild",0.687,0.313,0.192,0.20045037242335,0.014
21,"simulated","logistic_regression","moderate",0.692,0.308,0.178,0.178347479646631,0.00800000000000001
21,"simulated","logistic_regression","severe",0.694,0.306,0.182,0.20552572319418,0.028
21,"simulated","decision_tree","balanced",0.673,0.327,0.204,0.202269184133033,0.002
21,"simulated","decision_tree","mild",0.672,0.328,0.07,0.0783474796466309,0.024
21,"simulated","decision_tree","moderate",0.671,0.329,0.116,0.126901091287026,0.022
21,"simulated","decision_tree","severe",0.667,0.333,0.12,0.103758877533345,0.014
21,"simulated","random_forest","balanced",0.678,0.322,0.162,0.180148969340031,0.028
21,"simulated","random_forest","mild",0.685,0.315,0.188,0.226173566603153,0.042
21,"simulated","random_forest","moderate",0.679,0.321,0.184,0.214567815693747,0.038
21,"simulated","random_forest","severe",0.691,0.309,0.188,0.209146024597263,0.026
22,"simulated","logistic_regression","balanced",0.702,0.298,0.124,0.0979064039408867,0.004
22,"simulated","logistic_regression","mild",0.699,0.301,0.134,0.10762898625875,0.00600000000000001
22,"simulated","logistic_regression","moderate",0.702,0.298,0.104,0.0871791547835106,0.004
22,"simulated","logistic_regression","severe",0.685,0.315,0.114,0.0992027482499351,0.002
22,"simulated","decision_tree","balanced",0.632,0.368,0.16,0.18369198859217,0.012
22,"simulated","decision_tree","mild",0.692,0.308,0.204,0.158607726212082,0.02
22,"simulated","decision_tree","moderate",0.681,0.319,0.186,0.18796992481203,0.014
22,"simulated","decision_tree","severe",0.676,0.324,0.176,0.172186932849365,0.016
22,"simulated","random_forest","balanced",0.672,0.328,0.156,0.109281825252787,0.028
22,"simulated","random_forest","mild",0.688,0.312,0.172,0.131740990407052,0.016
22,"simulated","random_forest","moderate",0.675,0.325,0.162,0.151283380865958,0.00600000000000001
22,"simulated","random_forest","severe",0.669,0.331,0.154,0.140102411200415,0.002
23,"simulated","logistic_regression","balanced",0.683,0.317,0.106,0.122755659640906,0.01
23,"simulated","logistic_regression","mild",0.69,0.31,0.12,0.14207650273224,0.016
23,"simulated","logistic_regression","moderate",0.693,0.307,0.106,0.133749674733281,0.022
23,"simulated","logistic_regression","severe",0.694,0.306,0.1,0.121194379391101,0.016
23,"simulated","decision_tree","balanced",0.658,0.342,0.0279999999999999,0.0391621129326047,0.00399999999999995
23,"simulated","decision_tree","mild",0.645,0.355,0.186,0.199128285193859,0.01
23,"simulated","decision_tree","moderate",0.684,0.316,0.116,0.127764767109029,0.004
23,"simulated","decision_tree","severe",0.656,0.344,0.056,0.0361696591204789,0.024
23,"simulated","random_forest","balanced",0.685,0.315,0.094,0.102393963049701,0.002
23,"simulated","random_forest","mild",0.687,0.313,0.102,0.0742258652094718,0.034
23,"simulated","random_forest","moderate",0.695,0.305,0.078,0.0856102003642987,0.002
23,"simulated","random_forest","severe",0.695,0.305,0.074,0.0693468644288316,0.01
24,"simulated","logistic_regression","balanced",0.692,0.308,0.08,0.109094453995994,0
24,"simulated","logistic_regression","mild",0.701,0.299,0.082,0.137524592779028,0.03
24,"simulated","logistic_regression","moderate",0.699,0.301,0.098,0.141778478881228,0.014
24,"simulated","logistic_regression","severe",0.7,0.3,0.088,0.161771743561566,0.048
24,"simulated","decision_tree","balanced",0.685,0.315,0.094,0.126730356794697,0.00600000000000001
24,"simulated","decision_tree","mild",0.687,0.313,0.154,0.230560626739219,0.05
24,"simulated","decision_tree","moderate",0.674,0.326,0.124,0.171272089189812,0.02
24,"simulated","decision_tree","severe",0.683,0.317,0.118,0.180240699055283,0.034
24,"simulated","random_forest","balanced",0.692,0.308,0.048,0.0579414736170438,0.016
24,"simulated","random_forest","mild",0.673,0.327,0.126,0.144366259593399,0.00600000000000001
24,"simulated","random_forest","moderate",0.691,0.309,0.126,0.169676881901487,0.018
24,"simulated","random_forest","severe",0.683,0.317,0.138,0.183661532462468,0.018
25,"simulated","logistic_regression","balanced",0.696,0.304,0.078,0.101635914671788,0.024
25,"simulated","logistic_regression","mild",0.697,0.303,0.052,0.0525413265656081,0.002
25,"simulated","logistic_regression","moderate",0.696,0.304,0.058,0.0650078880581659,0.00800000000000001
25,"simulated","logistic_regression","severe",0.699,0.301,0.04,0.044687564304822,0.00600000000000001
25,"simulated","decision_tree","balanced",0.688,0.312,0.00600000000000001,0.0129467041635229,0.004
25,"simulated","decision_tree","mild",0.668,0.332,0.066,0.0962857534810344,0.024
25,"simulated","decision_tree","moderate",0.679,0.321,0.06,0.0822587283078401,0.022
25,"simulated","decision_tree","severe",0.675,0.325,0.012,0.0206289868989642,0.03
25,"simulated","random_forest","balanced",0.691,0.309,0.128,0.168410041841004,0.038
25,"simulated","random_forest","mild",0.697,0.303,0.072,0.0903697098566431,0.018
25,"simulated","random_forest","moderate",0.698,0.302,0.13,0.165426298100007,0.032
25,"simulated","random_forest","severe",0.699,0.301,0.072,0.0784175869401194,0.00600000000000001
26,"simulated","logistic_regression","balanced",0.682,0.318,0.116,0.142816091954023,0.024
26,"simulated","logistic_regression","mild",0.679,0.321,0.106,0.142816091954023,0.034
26,"simulated","logistic_regression","moderate",0.675,0.325,0.11,0.135632183908046,0.022
26,"simulated","logistic_regression","severe",0.676,0.324,0.108,0.13117816091954,0.02
26,"simulated","decision_tree","balanced",0.684,0.316,0.064,0.0678160919540229,0.004
26,"simulated","decision_tree","mild",0.674,0.326,0.024,0.0295977011494254,0.00800000000000001
26,"simulated","decision_tree","moderate",0.681,0.319,0.09,0.0724137931034483,0.018
26,"simulated","decision_tree","severe",0.648,0.352,0.228,0.273563218390805,0.032
26,"simulated","random_forest","balanced",0.666,0.334,0.12,0.176867816091954,0.052
26,"simulated","random_forest","mild",0.683,0.317,0.134,0.15933908045977,0.022
26,"simulated","random_forest","moderate",0.672,0.328,0.096,0.130459770114943,0.032
26,"simulated","random_forest","severe",0.671,0.329,0.146,0.182471264367816,0.03
27,"simulated","logistic_regression","balanced",0.699,0.301,0.108,0.0866562672646323,0.002
27,"simulated","logistic_regression","mild",0.695,0.305,0.096,0.0780767605862663,0.002
27,"simulated","logistic_regression","moderate",0.699,0.301,0.112,0.0918397192161451,0.002
27,"simulated","logistic_regression","severe",0.703,0.297,0.116,0.075216925026811,0.022
27,"simulated","decision_tree","balanced",0.68,0.32,0.038,0.0136167170387703,0.032
27,"simulated","decision_tree","mild",0.671,0.329,0.144,0.0979656169770238,0.034
27,"simulated","decision_tree","moderate",0.668,0.332,0.114,0.0884761626206494,0.012
27,"simulated","decision_tree","severe",0.668,0.332,0.15,0.15110006174645,0.004
27,"simulated","random_forest","balanced",0.693,0.307,0.124,0.127473920249586,0.022
27,"simulated","random_forest","mild",0.701,0.299,0.124,0.111322348964934,0.00600000000000001
27,"simulated","random_forest","moderate",0.68,0.32,0.106,0.116505800916447,0.024
27,"simulated","random_forest","severe",0.687,0.313,0.088,0.0518995157778428,0.022
28,"simulated","logistic_regression","balanced",0.658,0.342,0.068,0.0781596452328159,0.00399999999999995
28,"simulated","logistic_regression","mild",0.658,0.342,0.064,0.0711382113821137,0
28,"simulated","logistic_regression","moderate",0.658,0.342,0.076,0.0884146341463415,0.00799999999999995
28,"simulated","logistic_regression","severe",0.661,0.339,0.11,0.134977827050998,0.022
28,"simulated","decision_tree","balanced",0.643,0.357,0.0259999999999999,0.0252217294900222,0.014
28,"simulated","decision_tree","mild",0.633,0.367,0.05,0.0378787878787878,0.022
28,"simulated","decision_tree","moderate",0.655,0.345,0.07,0.077420546932742,0.002
28,"simulated","decision_tree","severe",0.63,0.37,0.068,0.0815779748706578,0.012
28,"simulated","random_forest","balanced",0.658,0.342,0.096,0.106337767923134,0.00399999999999995
28,"simulated","random_forest","mild",0.641,0.359,0.098,0.106337767923134,0.002
28,"simulated","random_forest","moderate",0.653,0.347,0.078,0.108739837398374,0.026
28,"simulated","random_forest","severe",0.658,0.342,0.092,0.11169623059867,0.016
29,"simulated","logistic_regression","balanced",0.672,0.328,0.088,0.0759188307081028,0
29,"simulated","logistic_regression","mild",0.678,0.322,0.12,0.121753937845892,0.012
29,"simulated","logistic_regression","moderate",0.675,0.325,0.126,0.12586916418334,0.01
29,"simulated","logistic_regression","severe",0.678,0.322,0.112,0.117071094082588,0.016
29,"simulated","decision_tree","balanced",0.641,0.359,0.202,0.219667943805875,0.026
29,"simulated","decision_tree","mild",0.62,0.38,0.192,0.237973605789698,0.048
29,"simulated","decision_tree","moderate",0.653,0.347,0.198,0.232439335887612,0.038
29,"simulated","decision_tree","severe",0.645,0.355,0.114,0.131403434085426,0.034
29,"simulated","random_forest","balanced",0.672,0.328,0.108,0.115084433092096,0.02
29,"simulated","random_forest","mild",0.66,0.34,0.16,0.175251880232723,0.024
29,"simulated","random_forest","moderate",0.669,0.331,0.134,0.133248190719455,0.01
29,"simulated","random_forest","severe",0.671,0.329,0.142,0.149709096069249,0.018
30,"simulated","logistic_regression","balanced",0.667,0.333,0.102,0.100674763832659,0.022
30,"simulated","logistic_regression","mild",0.665,0.335,0.098,0.116599190283401,0.002
30,"simulated","logistic_regression","moderate",0.664,0.336,0.124,0.123211875843455,0.02
30,"simulated","logistic_regression","severe",0.658,0.342,0.132,0.149055330634278,0
30,"simulated","decision_tree","balanced",0.654,0.346,0.144,0.154520917678812,0.00799999999999995
30,"simulated","decision_tree","mild",0.637,0.363,0.21,0.195748987854251,0.03
30,"simulated","decision_tree","moderate",0.648,0.352,0.2,0.221592442645074,0.00800000000000001
30,"simulated","decision_tree","severe",0.615,0.385,0.21,0.235087719298246,0.03
30,"simulated","random_forest","balanced",0.664,0.336,0.188,0.216531713900135,0.00800000000000001
30,"simulated","random_forest","mild",0.66,0.34,0.112,0.102361673414305,0.028
30,"simulated","random_forest","moderate",0.668,0.332,0.08,0.0792847503373819,0.02
30,"simulated","random_forest","severe",0.658,0.342,0.132,0.153508771929825,0.00799999999999995
